學校名稱,日間∕進修別,等級別,總計
國立政治大學,D 日,D 博士,948
國立政治大學,D 日,M 碩士,3
國立政治大學,D 日,B 學士,9
國立政治大學,N 職,M 碩士,1
國立清華大學,D 日,D 博士,1
國立清華大學,D 日,M 碩士,5
國立清華大學,D 日,B 學士,8
國立清華大學,D 日,X 4+X,1
國立清華大學,N 職,M 碩士,1
國立臺灣大學,D 日,D 博士,3
國立臺灣大學,D 日,M 碩士,10
國立臺灣大學,D 日,B 學士,16
國立臺灣大學,N 職,M 碩士,1
國立臺灣師範大學,D 日,D 博士,1
國立臺灣師範大學,D 日,M 碩士,4
國立臺灣師範大學,D 日,B 學士,8
國立臺灣師範大學,N 職,M 碩士,2
國立成功大學,D 日,D 博士,1
國立成功大學,D 日,M 碩士,7
國立成功大學,D 日,B 學士,11
國立成功大學,N 職,M 碩士,1
國立中興大學,D 日,D 博士,966
國立中興大學,D 日,M 碩士,3
國立中興大學,D 日,B 學士,8
國立中興大學,N 職,M 碩士,1
國立中興大學,P 進,B 學士,936
國立陽明交通大學,D 日,D 博士,2
國立陽明交通大學,D 日,M 碩士,7
國立陽明交通大學,D 日,B 學士,8
國立陽明交通大學,N 職,M 碩士,1
國立中央大學,D 日,D 博士,1
國立中央大學,D 日,M 碩士,3
國立中央大學,D 日,B 學士,6
國立中央大學,N 職,M 碩士,1
國立中山大學,D 日,D 博士,823
國立中山大學,D 日,M 碩士,3
國立中山大學,D 日,B 學士,4
國立中山大學,N 職,M 碩士,1
國立臺灣海洋大學,D 日,D 博士,330
國立臺灣海洋大學,D 日,M 碩士,1
國立臺灣海洋大學,D 日,B 學士,6
國立臺灣海洋大學,N 職,M 碩士,647
國立臺灣海洋大學,N 修,X 4+X,1
國立臺灣海洋大學,P 進,B 學士,588
國立中正大學,D 日,D 博士,549
國立中正大學,D 日,M 碩士,2
國立中正大學,D 日,B 學士,6
國立中正大學,N 職,M 碩士,1
國立高雄師範大學,D 日,D 博士,458
國立高雄師範大學,D 日,M 碩士,1
國立高雄師範大學,D 日,B 學士,3
國立高雄師範大學,N 職,M 碩士,1
國立彰化師範大學,D 日,D 博士,506
國立彰化師範大學,D 日,M 碩士,1
國立彰化師範大學,D 日,B 學士,4
國立彰化師範大學,N 職,M 碩士,1
國立臺北大學,D 日,D 博士,212
國立臺北大學,D 日,M 碩士,1
國立臺北大學,D 日,B 學士,5
國立臺北大學,N 職,M 碩士,595
國立臺北大學,P 進,B 學士,2
國立嘉義大學,D 日,D 博士,195
國立嘉義大學,D 日,M 碩士,1
國立嘉義大學,D 日,B 學士,7
國立嘉義大學,N 職,M 碩士,929
國立嘉義大學,P 進,B 學士,1
國立高雄大學,D 日,D 博士,30
國立高雄大學,D 日,M 碩士,656
國立高雄大學,D 日,B 學士,4
國立高雄大學,N 職,M 碩士,550
國立高雄大學,N 修,C 二技,146
國立東華大學,D 日,D 博士,423
國立東華大學,D 日,M 碩士,1
國立東華大學,D 日,B 學士,7
國立東華大學,N 職,M 碩士,563
國立暨南國際大學,D 日,D 博士,342
國立暨南國際大學,D 日,M 碩士,808
國立暨南國際大學,D 日,B 學士,4
國立暨南國際大學,N 職,M 碩士,486
國立臺灣科技大學,D 日,D 博士,1
國立臺灣科技大學,D 日,M 碩士,3
國立臺灣科技大學,D 日,B 四技,5
國立臺灣科技大學,D 日,C 二技,59
國立臺灣科技大學,N 職,M 碩士,786
國立雲林科技大學,D 日,D 博士,427
國立雲林科技大學,D 日,M 碩士,1
國立雲林科技大學,D 日,B 四技,6
國立雲林科技大學,D 日,C 二技,195
國立雲林科技大學,N 職,M 碩士,804
國立雲林科技大學,N 修,B 四技,217
國立屏東科技大學,D 日,D 博士,256
國立屏東科技大學,D 日,M 碩士,1
國立屏東科技大學,D 日,B 四技,7
國立屏東科技大學,N 職,M 碩士,282
國立屏東科技大學,N 修,B 四技,1
國立臺北科技大學,D 日,D 博士,750
國立臺北科技大學,D 日,M 碩士,3
國立臺北科技大學,D 日,B 四技,6
國立臺北科技大學,D 日,C 二技,22
國立臺北科技大學,D 日,5 五專,121
國立臺北科技大學,N 職,M 碩士,1
國立臺北科技大學,N 修,B 四技,1
國立臺北科技大學,N 修,C 二技,3
國立臺北藝術大學,D 日,D 博士,109
國立臺北藝術大學,D 日,M 碩士,943
國立臺北藝術大學,D 日,B 學士,1
國立臺北藝術大學,D 日,X 4+X,1
國立臺北藝術大學,D 日,5 七年,84
國立臺北藝術大學,N 職,M 碩士,180
國立臺灣藝術大學,D 日,D 博士,150
國立臺灣藝術大學,D 日,M 碩士,756
國立臺灣藝術大學,D 日,B 學士,2
國立臺灣藝術大學,N 職,M 碩士,403
國立臺灣藝術大學,N 修,C 二技,355
國立臺灣藝術大學,P 進,B 學士,1
國立臺東大學,D 日,D 博士,43
國立臺東大學,D 日,M 碩士,399
國立臺東大學,D 日,B 學士,3
國立臺東大學,N 職,M 碩士,609
國立臺東大學,N 修,C 二技,110
國立臺東大學,P 進,B 學士,289
國立宜蘭大學,D 日,D 博士,17
國立宜蘭大學,D 日,M 碩士,500
國立宜蘭大學,D 日,B 學士,4
國立宜蘭大學,N 職,M 碩士,218
國立宜蘭大學,P 進,B 學士,426
國立聯合大學,D 日,D 博士,19
國立聯合大學,D 日,M 碩士,407
國立聯合大學,D 日,B 學士,6
國立聯合大學,N 職,M 碩士,42
國立聯合大學,P 進,B 學士,1
國立虎尾科技大學,D 日,D 博士,57
國立虎尾科技大學,D 日,M 碩士,912
國立虎尾科技大學,D 日,B 四技,7
國立虎尾科技大學,D 日,C 二技,235
國立虎尾科技大學,D 日,2 二專,64
國立虎尾科技大學,D 日,5 五專,238
國立虎尾科技大學,N 職,M 碩士,193
國立虎尾科技大學,N 修,B 四技,2
國立虎尾科技大學,N 修,C 二技,169
國立臺南藝術大學,D 日,D 博士,58
國立臺南藝術大學,D 日,M 碩士,548
國立臺南藝術大學,D 日,B 學士,786
國立臺南藝術大學,D 日,5 七年,173
國立臺南藝術大學,N 職,M 碩士,51
國立臺南大學,D 日,D 博士,153
國立臺南大學,D 日,M 碩士,988
國立臺南大學,D 日,B 學士,3
國立臺南大學,N 職,M 碩士,662
國立臺南大學,P 進,B 學士,181
國立臺北教育大學,D 日,D 博士,154
國立臺北教育大學,D 日,M 碩士,1
國立臺北教育大學,D 日,B 學士,3
國立臺北教育大學,N 職,M 碩士,1
國立臺中教育大學,D 日,D 博士,106
國立臺中教育大學,D 日,M 碩士,882
國立臺中教育大學,D 日,B 學士,3
國立臺中教育大學,N 職,M 碩士,783
國立澎湖科技大學,D 日,M 碩士,87
國立澎湖科技大學,D 日,B 四技,2
國立澎湖科技大學,D 日,5 五專,68
國立澎湖科技大學,N 職,M 碩士,40
國立澎湖科技大學,N 修,B 四技,285
國立勤益科技大學,D 日,D 博士,45
國立勤益科技大學,D 日,M 碩士,618
國立勤益科技大學,D 日,B 四技,6
國立勤益科技大學,D 日,C 二技,143
國立勤益科技大學,N 職,M 碩士,292
國立勤益科技大學,N 修,B 四技,3
國立勤益科技大學,N 修,C 二技,445
國立勤益科技大學,N 修,2 二專,408
國立體育大學,D 日,D 博士,153
國立體育大學,D 日,M 碩士,339
國立體育大學,D 日,B 學士,1
國立體育大學,N 職,M 碩士,236
國立體育大學,N 修,C 二年制,93
國立臺北護理健康大學,D 日,D 博士,77
國立臺北護理健康大學,D 日,M 碩士,559
國立臺北護理健康大學,D 日,B 四技,2
國立臺北護理健康大學,D 日,C 二技,948
國立臺北護理健康大學,N 職,M 碩士,205
國立臺北護理健康大學,N 修,C 二技,739
國立高雄餐旅大學,D 日,D 博士,32
國立高雄餐旅大學,D 日,M 碩士,168
國立高雄餐旅大學,D 日,B 四技,3
國立高雄餐旅大學,D 日,C 二技,73
國立高雄餐旅大學,D 日,5 五專,249
國立高雄餐旅大學,N 職,M 碩士,36
國立高雄餐旅大學,N 修,B 四技,1
國立高雄餐旅大學,N 修,C 二技,197
國立金門大學,D 日,M 碩士,200
國立金門大學,D 日,B 學士,3
國立金門大學,N 職,M 碩士,112
國立金門大學,P 進,B 學士,829
國立臺灣體育運動大學,D 日,D 博士,13
國立臺灣體育運動大學,D 日,M 碩士,260
國立臺灣體育運動大學,D 日,B 學士,2
國立臺灣體育運動大學,N 職,M 碩士,114
國立臺灣體育運動大學,P 進,B 學士,388
國立臺中科技大學,D 日,M 碩士,430
國立臺中科技大學,D 日,B 四技,5
國立臺中科技大學,D 日,C 二技,1
國立臺中科技大學,D 日,5 五專,3
國立臺中科技大學,N 職,M 碩士,244
國立臺中科技大學,N 修,B 四技,2
國立臺中科技大學,N 修,C 二技,1
國立臺中科技大學,N 修,2 二專,1
國立臺北商業大學,D 日,D 博士,8
國立臺北商業大學,D 日,M 碩士,301
國立臺北商業大學,D 日,B 四技,2
國立臺北商業大學,D 日,C 二技,645
國立臺北商業大學,D 日,5 五專,1
國立臺北商業大學,N 職,M 碩士,68
國立臺北商業大學,N 修,B 四技,907
國立臺北商業大學,N 修,C 二技,903
國立臺北商業大學,N 修,2 二專,493
國立屏東大學,D 日,D 博士,47
國立屏東大學,D 日,M 碩士,910
國立屏東大學,D 日,B 學士,6
國立屏東大學,N 職,M 碩士,727
國立屏東大學,P 進,B 學士,823
國立高雄科技大學,D 日,D 博士,621
國立高雄科技大學,D 日,M 碩士,2
國立高雄科技大學,D 日,B 四技,17
國立高雄科技大學,D 日,C 二技,439
國立高雄科技大學,D 日,5 五專,798
國立高雄科技大學,N 職,M 碩士,2
國立高雄科技大學,N 修,B 四技,3
國立高雄科技大學,N 修,C 二技,113
國立臺灣戲曲學院,D 日,B 四技,539
國立臺灣戲曲學院,N 修,B 四技,2
國立臺南護理專科學校,D 日,2 二專,99
國立臺南護理專科學校,D 日,5 五專,1
國立臺南護理專科學校,N 修,2 二專,23
國立臺東專科學校,D 日,2 二專,573
國立臺東專科學校,D 日,5 五專,266
國立臺東專科學校,N 修,2 二專,116
東海大學,D 日,D 博士,253
東海大學,D 日,M 碩士,1
東海大學,D 日,B 學士,13
東海大學,N 職,M 碩士,763
東海大學,P 進,B 學士,404
輔仁大學,D 日,D 博士,427
輔仁大學,D 日,M 碩士,1
輔仁大學,D 日,B 學士,17
輔仁大學,N 職,M 碩士,1
輔仁大學,N 修,C 二技,58
輔仁大學,P 進,B 學士,4
東吳大學,D 日,D 博士,127
東吳大學,D 日,M 碩士,1
東吳大學,D 日,B 學士,11
東吳大學,N 職,M 碩士,1
東吳大學,P 進,B 學士,954
中原大學,D 日,D 博士,353
中原大學,D 日,M 碩士,1
中原大學,D 日,B 學士,13
中原大學,N 職,M 碩士,906
淡江大學,D 日,D 博士,374
淡江大學,D 日,M 碩士,1
淡江大學,D 日,B 學士,20
淡江大學,N 職,M 碩士,723
淡江大學,P 進,B 學士,1
中國文化大學,D 日,D 博士,505
中國文化大學,D 日,M 碩士,1
中國文化大學,D 日,B 學士,20
中國文化大學,N 職,M 碩士,616
中國文化大學,N 修,C 二技,159
中國文化大學,P 進,B 學士,1
逢甲大學,D 日,D 博士,417
逢甲大學,D 日,M 碩士,1
逢甲大學,D 日,B 學士,17
逢甲大學,N 職,M 碩士,1
逢甲大學,P 進,B 學士,886
靜宜大學,D 日,D 博士,50
靜宜大學,D 日,M 碩士,652
靜宜大學,D 日,B 學士,11
靜宜大學,N 職,M 碩士,333
長庚大學,D 日,D 博士,443
長庚大學,D 日,M 碩士,1
長庚大學,D 日,B 學士,5
長庚大學,N 職,M 碩士,189
元智大學,D 日,D 博士,261
元智大學,D 日,M 碩士,770
元智大學,D 日,B 學士,7
元智大學,N 職,M 碩士,603
中華大學,D 日,D 博士,76
中華大學,D 日,M 碩士,285
中華大學,D 日,B 學士,4
中華大學,N 職,M 碩士,155
中華大學,N 修,C 二技,243
中華大學,P 進,B 學士,173
大葉大學,D 日,D 博士,115
大葉大學,D 日,M 碩士,392
大葉大學,D 日,B 學士,5
大葉大學,N 職,M 碩士,216
大葉大學,N 修,C 二技,74
大葉大學,P 進,B 學士,340
華梵大學,D 日,D 博士,65
華梵大學,D 日,M 碩士,167
華梵大學,D 日,B 學士,668
華梵大學,N 職,M 碩士,190
義守大學,D 日,D 博士,155
義守大學,D 日,M 碩士,360
義守大學,D 日,B 學士,12
義守大學,N 職,M 碩士,342
義守大學,N 修,C 二技,164
義守大學,P 進,B 學士,877
世新大學,D 日,D 博士,87
世新大學,D 日,M 碩士,582
世新大學,D 日,B 學士,9
世新大學,N 職,M 碩士,656
世新大學,P 進,B 學士,592
銘傳大學,D 日,D 博士,69
銘傳大學,D 日,M 碩士,765
銘傳大學,D 日,B 學士,17
銘傳大學,N 職,M 碩士,781
實踐大學,D 日,D 博士,32
實踐大學,D 日,M 碩士,383
實踐大學,D 日,B 學士,10
實踐大學,N 職,M 碩士,117
實踐大學,N 修,C 二技,98
實踐大學,P 進,B 學士,1
朝陽科技大學,D 日,D 博士,110
朝陽科技大學,D 日,M 碩士,613
朝陽科技大學,D 日,B 四技,11
朝陽科技大學,D 日,C 二技,55
朝陽科技大學,N 職,M 碩士,339
朝陽科技大學,N 修,B 四技,2
高雄醫學大學,D 日,D 博士,319
高雄醫學大學,D 日,M 碩士,754
高雄醫學大學,D 日,B 學士,5
高雄醫學大學,N 職,M 碩士,208
南華大學,D 日,D 博士,54
南華大學,D 日,M 碩士,552
南華大學,D 日,B 學士,4
南華大學,N 職,M 碩士,370
南華大學,P 進,B 學士,297
真理大學,D 日,M 碩士,118
真理大學,D 日,B 學士,4
真理大學,N 職,M 碩士,20
真理大學,P 進,B 學士,11
大同大學,D 日,D 博士,94
大同大學,D 日,M 碩士,221
大同大學,D 日,B 學士,3
大同大學,N 職,M 碩士,140
南臺科技大學,D 日,D 博士,93
南臺科技大學,D 日,M 碩士,753
南臺科技大學,D 日,B 四技,12
南臺科技大學,D 日,C 二技,118
南臺科技大學,D 日,5 五專,316
南臺科技大學,N 職,M 碩士,311
南臺科技大學,N 修,B 四技,3
南臺科技大學,N 修,C 二技,153
崑山科技大學,D 日,D 博士,32
崑山科技大學,D 日,M 碩士,299
崑山科技大學,D 日,B 四技,6
崑山科技大學,D 日,C 二技,49
崑山科技大學,N 職,M 碩士,146
崑山科技大學,N 修,B 四技,2
崑山科技大學,N 修,C 二技,291
崑山科技大學,N 修,2 二專,13
嘉南藥理大學,D 日,M 碩士,174
嘉南藥理大學,D 日,B 四技,9
嘉南藥理大學,D 日,C 二技,94
嘉南藥理大學,N 職,M 碩士,198
嘉南藥理大學,N 修,B 四技,1
嘉南藥理大學,N 修,C 二技,521
樹德科技大學,D 日,D 博士,32
樹德科技大學,D 日,M 碩士,214
樹德科技大學,D 日,B 四技,7
樹德科技大學,D 日,C 二技,2
樹德科技大學,N 職,M 碩士,365
樹德科技大學,N 修,B 四技,1
樹德科技大學,N 修,C 二技,538
樹德科技大學,N 修,2 二專,395
慈濟大學,D 日,D 博士,111
慈濟大學,D 日,M 碩士,374
慈濟大學,D 日,B 學士,2
慈濟大學,N 職,M 碩士,19
臺北醫學大學,D 日,D 博士,581
臺北醫學大學,D 日,M 碩士,691
臺北醫學大學,D 日,B 學士,4
臺北醫學大學,N 職,M 碩士,314
中山醫學大學,D 日,D 博士,178
中山醫學大學,D 日,M 碩士,532
中山醫學大學,D 日,B 學士,6
中山醫學大學,N 職,M 碩士,165
中山醫學大學,N 修,C 二技,122
龍華科技大學,D 日,M 碩士,322
龍華科技大學,D 日,B 四技,7
龍華科技大學,D 日,C 二技,40
龍華科技大學,D 日,5 五專,679
龍華科技大學,N 職,M 碩士,111
龍華科技大學,N 修,B 四技,3
輔英科技大學,D 日,M 碩士,170
輔英科技大學,D 日,B 四技,3
輔英科技大學,D 日,C 二技,1
輔英科技大學,D 日,5 五專,2
輔英科技大學,N 職,M 碩士,95
輔英科技大學,N 修,B 四技,546
輔英科技大學,N 修,C 二技,988
明新科技大學,D 日,M 碩士,269
明新科技大學,D 日,B 四技,7
明新科技大學,D 日,C 二技,60
明新科技大學,D 日,2 二專,21
明新科技大學,N 職,M 碩士,280
明新科技大學,N 修,B 四技,2
明新科技大學,N 修,C 二技,654
明新科技大學,N 修,2 二專,223
長榮大學,D 日,D 博士,48
長榮大學,D 日,M 碩士,268
長榮大學,D 日,B 學士,7
長榮大學,N 職,M 碩士,115
長榮大學,P 進,B 學士,312
弘光科技大學,D 日,D 博士,13
弘光科技大學,D 日,M 碩士,197
弘光科技大學,D 日,B 四技,7
弘光科技大學,D 日,C 二技,726
弘光科技大學,D 日,5 五專,260
弘光科技大學,N 職,M 碩士,107
弘光科技大學,N 修,B 四技,3
弘光科技大學,N 修,C 二技,836
弘光科技大學,N 修,2 二專,133
中國醫藥大學,D 日,D 博士,407
中國醫藥大學,D 日,M 碩士,496
中國醫藥大學,D 日,B 學士,6
中國醫藥大學,N 職,M 碩士,86
健行科技大學,D 日,M 碩士,290
健行科技大學,D 日,B 四技,6
健行科技大學,D 日,C 二技,45
健行科技大學,N 職,M 碩士,33
健行科技大學,N 修,B 四技,3
健行科技大學,N 修,C 二技,364
正修科技大學,D 日,D 博士,14
正修科技大學,D 日,M 碩士,327
正修科技大學,D 日,B 四技,8
正修科技大學,D 日,C 二技,101
正修科技大學,D 日,5 五專,274
正修科技大學,N 職,M 碩士,202
正修科技大學,N 修,B 四技,4
正修科技大學,N 修,C 二技,2
正修科技大學,N 修,2 二專,948
萬能科技大學,D 日,M 碩士,134
萬能科技大學,D 日,B 四技,5
萬能科技大學,N 職,M 碩士,146
萬能科技大學,N 修,B 四技,2
萬能科技大學,N 修,C 二技,434
萬能科技大學,N 修,2 二專,32
玄奘大學,D 日,D 博士,1
玄奘大學,D 日,M 碩士,246
玄奘大學,D 日,B 學士,1
玄奘大學,N 職,M 碩士,142
玄奘大學,P 進,B 學士,30
建國科技大學,D 日,M 碩士,134
建國科技大學,D 日,B 四技,3
建國科技大學,N 修,B 四技,1
建國科技大學,N 修,C 二技,306
建國科技大學,N 修,2 二專,69
明志科技大學,D 日,D 博士,37
明志科技大學,D 日,M 碩士,473
明志科技大學,D 日,B 四技,3
明志科技大學,N 職,M 碩士,20
明志科技大學,N 修,B 四技,283
高苑科技大學,D 日,M 碩士,83
高苑科技大學,D 日,B 四技,1
高苑科技大學,N 職,M 碩士,178
高苑科技大學,N 修,B 四技,786
高苑科技大學,N 修,C 二技,286
高苑科技大學,N 修,2 二專,167
大仁科技大學,D 日,M 碩士,78
大仁科技大學,D 日,B 四技,3
大仁科技大學,N 職,M 碩士,167
大仁科技大學,N 修,B 四技,167
大仁科技大學,N 修,C 二技,1
大仁科技大學,N 修,2 二專,92
聖約翰科技大學,D 日,M 碩士,88
聖約翰科技大學,D 日,B 四技,1
聖約翰科技大學,D 日,C 二技,2
聖約翰科技大學,D 日,5 五專,158
聖約翰科技大學,N 職,M 碩士,105
聖約翰科技大學,N 修,B 四技,305
聖約翰科技大學,N 修,C 二技,83
聖約翰科技大學,N 修,2 二專,79
嶺東科技大學,D 日,M 碩士,239
嶺東科技大學,D 日,B 四技,7
嶺東科技大學,D 日,C 二技,1
嶺東科技大學,N 職,M 碩士,157
嶺東科技大學,N 修,B 四技,2
中國科技大學,D 日,M 碩士,183
中國科技大學,D 日,B 四技,6
中國科技大學,D 日,C 二技,7
中國科技大學,N 職,M 碩士,82
中國科技大學,N 修,B 四技,1
中國科技大學,N 修,C 二技,776
中國科技大學,N 修,X 4+X,1
中國科技大學,N 修,2 二專,390
中臺科技大學,D 日,D 博士,9
中臺科技大學,D 日,M 碩士,118
中臺科技大學,D 日,B 四技,4
中臺科技大學,D 日,C 二技,575
中臺科技大學,D 日,2 二專,16
中臺科技大學,N 職,M 碩士,266
中臺科技大學,N 修,B 四技,1
中臺科技大學,N 修,C 二技,774
亞洲大學,D 日,D 博士,235
亞洲大學,D 日,M 碩士,603
亞洲大學,D 日,B 學士,9
亞洲大學,N 職,M 碩士,426
亞洲大學,P 進,B 學士,724
開南大學,D 日,M 碩士,216
開南大學,D 日,B 學士,3
開南大學,N 職,M 碩士,317
開南大學,P 進,B 學士,927
佛光大學,D 日,D 博士,63
佛光大學,D 日,M 碩士,429
佛光大學,D 日,B 學士,2
佛光大學,N 職,M 碩士,113
台南應用科技大學,D 日,M 碩士,101
台南應用科技大學,D 日,B 四技,7
台南應用科技大學,D 日,C 二技,480
台南應用科技大學,D 日,5 五專,950
台南應用科技大學,N 職,M 碩士,100
台南應用科技大學,N 修,B 四技,2
台南應用科技大學,N 修,C 二技,199
遠東科技大學,D 日,M 碩士,276
遠東科技大學,D 日,B 四技,2
遠東科技大學,N 職,M 碩士,39
遠東科技大學,N 修,B 四技,486
遠東科技大學,N 修,C 二技,321
遠東科技大學,N 修,2 二專,197
元培醫事科技大學,D 日,D 博士,2
元培醫事科技大學,D 日,M 碩士,265
元培醫事科技大學,D 日,B 四技,3
元培醫事科技大學,D 日,C 二技,103
元培醫事科技大學,N 職,M 碩士,41
元培醫事科技大學,N 修,B 四技,1
元培醫事科技大學,N 修,C 二技,449
景文科技大學,D 日,M 碩士,18
景文科技大學,D 日,B 四技,4
景文科技大學,D 日,C 二技,21
景文科技大學,N 職,M 碩士,47
景文科技大學,N 修,B 四技,755
景文科技大學,N 修,C 二技,294
景文科技大學,N 修,2 二專,122
中華醫事科技大學,D 日,M 碩士,91
中華醫事科技大學,D 日,B 四技,3
中華醫事科技大學,D 日,C 二技,853
中華醫事科技大學,D 日,2 二專,1
中華醫事科技大學,D 日,5 五專,3
中華醫事科技大學,N 職,M 碩士,23
中華醫事科技大學,N 修,B 四技,554
中華醫事科技大學,N 修,C 二技,725
中華醫事科技大學,N 修,2 二專,81
東南科技大學,D 日,M 碩士,127
東南科技大學,D 日,B 四技,4
東南科技大學,N 職,M 碩士,48
東南科技大學,N 修,B 四技,625
德明財經科技大學,D 日,M 碩士,42
德明財經科技大學,D 日,B 四技,6
德明財經科技大學,D 日,C 二技,106
德明財經科技大學,N 職,M 碩士,26
德明財經科技大學,N 修,B 四技,414
德明財經科技大學,N 修,C 二技,119
明道大學,D 日,D 博士,32
明道大學,D 日,M 碩士,148
明道大學,D 日,B 學士,1
明道大學,N 職,M 碩士,53
明道大學,P 進,B 學士,456
南開科技大學,D 日,M 碩士,77
南開科技大學,D 日,B 四技,1
南開科技大學,D 日,5 五專,415
南開科技大學,N 職,M 碩士,67
南開科技大學,N 修,B 四技,632
南開科技大學,N 修,C 二技,190
南開科技大學,N 修,2 二專,64
中華科技大學,D 日,M 碩士,206
中華科技大學,D 日,B 四技,2
中華科技大學,D 日,C 二技,41
中華科技大學,N 職,M 碩士,129
中華科技大學,N 修,B 四技,644
中華科技大學,N 修,C 二技,389
中華科技大學,N 修,2 二專,118
僑光科技大學,D 日,M 碩士,32
僑光科技大學,D 日,B 四技,5
僑光科技大學,N 職,M 碩士,18
僑光科技大學,N 修,B 四技,3
育達科技大學,D 日,M 碩士,164
育達科技大學,D 日,B 四技,1
育達科技大學,N 職,M 碩士,161
育達科技大學,N 修,B 四技,859
育達科技大學,N 修,C 二技,1
美和科技大學,D 日,M 碩士,147
美和科技大學,D 日,B 四技,1
美和科技大學,D 日,C 二技,227
美和科技大學,D 日,5 五專,1
美和科技大學,N 職,M 碩士,217
美和科技大學,N 修,B 四技,521
美和科技大學,N 修,C 二技,1
美和科技大學,N 修,2 二專,127
吳鳳科技大學,D 日,M 碩士,50
吳鳳科技大學,D 日,B 四技,3
吳鳳科技大學,N 職,M 碩士,62
吳鳳科技大學,N 修,B 四技,771
吳鳳科技大學,N 修,C 二技,768
吳鳳科技大學,N 修,2 二專,224
環球科技大學,D 日,M 碩士,127
環球科技大學,D 日,B 四技,1
環球科技大學,N 職,M 碩士,71
環球科技大學,N 修,B 四技,452
環球科技大學,N 修,C 二技,325
環球科技大學,N 修,2 二專,128
台灣首府大學,D 日,M 碩士,53
台灣首府大學,D 日,B 學士,590
台灣首府大學,P 進,B 學士,168
中州科技大學,D 日,M 碩士,2
中州科技大學,D 日,B 四技,554
中州科技大學,N 職,M 碩士,10
中州科技大學,N 修,B 四技,532
中州科技大學,N 修,C 二技,757
中州科技大學,N 修,2 二專,76
修平科技大學,D 日,M 碩士,77
修平科技大學,D 日,B 四技,2
修平科技大學,N 職,M 碩士,40
修平科技大學,N 修,B 四技,1
修平科技大學,N 修,C 二技,684
修平科技大學,N 修,2 二專,3
長庚科技大學,D 日,M 碩士,71
長庚科技大學,D 日,B 四技,3
長庚科技大學,D 日,C 二技,1
長庚科技大學,N 職,M 碩士,150
長庚科技大學,N 修,C 二技,1
臺北城市科技大學,D 日,M 碩士,87
臺北城市科技大學,D 日,B 四技,6
臺北城市科技大學,D 日,C 二技,8
臺北城市科技大學,D 日,5 五專,933
臺北城市科技大學,N 修,B 四技,744
臺北城市科技大學,N 修,C 二技,500
臺北城市科技大學,N 修,2 二專,374
敏實科技大學,D 日,B 四技,262
敏實科技大學,D 日,5 五專,203
敏實科技大學,N 修,B 四技,114
醒吾科技大學,D 日,M 碩士,65
醒吾科技大學,D 日,B 四技,5
醒吾科技大學,D 日,C 二技,22
醒吾科技大學,D 日,5 五專,333
醒吾科技大學,N 職,M 碩士,73
醒吾科技大學,N 修,B 四技,706
醒吾科技大學,N 修,C 二技,444
醒吾科技大學,N 修,2 二專,123
文藻外語大學,D 日,M 碩士,221
文藻外語大學,D 日,B 四技,4
文藻外語大學,D 日,C 二技,219
文藻外語大學,D 日,5 五專,1
文藻外語大學,N 職,M 碩士,52
文藻外語大學,N 修,B 四技,1
文藻外語大學,N 修,C 二技,146
華夏科技大學,D 日,M 碩士,35
華夏科技大學,D 日,B 四技,1
華夏科技大學,D 日,C 二技,79
華夏科技大學,D 日,5 五專,558
華夏科技大學,N 職,M 碩士,62
華夏科技大學,N 修,B 四技,720
華夏科技大學,N 修,C 二技,657
華夏科技大學,N 修,2 二專,112
慈濟科技大學,D 日,M 碩士,61
慈濟科技大學,D 日,B 四技,1
慈濟科技大學,D 日,C 二技,273
慈濟科技大學,D 日,2 二專,14
慈濟科技大學,D 日,5 五專,1
慈濟科技大學,N 修,B 四技,11
慈濟科技大學,N 修,C 二技,203
慈濟科技大學,N 修,2 二專,11
致理科技大學,D 日,M 碩士,50
致理科技大學,D 日,B 四技,6
致理科技大學,D 日,C 二技,221
致理科技大學,D 日,5 五專,1
致理科技大學,N 職,M 碩士,45
致理科技大學,N 修,B 四技,3
致理科技大學,N 修,C 二技,2
康寧大學,D 日,M 碩士,8
康寧大學,D 日,B 學士,236
康寧大學,D 日,5 五專,2
康寧大學,N 職,M 碩士,13
康寧大學,N 修,C 二技,182
康寧大學,N 修,2 二專,182
康寧大學,P 進,B 學士,6
宏國德霖科技大學,D 日,M 碩士,31
宏國德霖科技大學,D 日,B 四技,1
宏國德霖科技大學,D 日,C 二技,70
宏國德霖科技大學,D 日,5 五專,1
宏國德霖科技大學,N 修,B 四技,1
宏國德霖科技大學,N 修,C 二技,776
宏國德霖科技大學,N 修,2 二專,25
東方設計大學,D 日,D 博士,28
東方設計大學,D 日,M 碩士,81
東方設計大學,D 日,B 四技,476
東方設計大學,D 日,C 二技,24
東方設計大學,D 日,5 五專,459
東方設計大學,N 職,M 碩士,42
東方設計大學,N 修,B 四技,45
東方設計大學,N 修,C 二技,241
東方設計大學,N 修,2 二專,75
崇右影藝科技大學,D 日,M 碩士,63
崇右影藝科技大學,D 日,B 四技,1
崇右影藝科技大學,D 日,5 五專,6
崇右影藝科技大學,N 修,C 二技,142
崇右影藝科技大學,N 修,2 二專,140
台北海洋科技大學,D 日,M 碩士,143
台北海洋科技大學,D 日,B 四技,2
台北海洋科技大學,D 日,C 二技,184
台北海洋科技大學,D 日,2 二專,51
台北海洋科技大學,D 日,5 五專,696
台北海洋科技大學,N 修,B 四技,216
台北海洋科技大學,N 修,C 二技,516
台北海洋科技大學,N 修,2 二專,81
亞東科技大學,D 日,M 碩士,51
亞東科技大學,D 日,B 四技,3
亞東科技大學,D 日,C 二技,177
亞東科技大學,N 修,C 二技,147
中信金融管理學院,D 日,M 碩士,117
中信金融管理學院,D 日,B 學士,765
中信金融管理學院,N 職,M 碩士,37
大漢技術學院,D 日,M 碩士,87
大漢技術學院,D 日,B 四技,197
大漢技術學院,N 修,B 四技,294
大漢技術學院,N 修,C 二技,219
大漢技術學院,N 修,2 二專,107
和春技術學院,D 日,B 四技,77
和春技術學院,D 日,5 五專,34
和春技術學院,N 修,B 四技,32
和春技術學院,N 修,C 二技,106
和春技術學院,N 修,2 二專,52
南亞技術學院,D 日,M 碩士,11
南亞技術學院,D 日,B 四技,1
南亞技術學院,D 日,5 五專,196
南亞技術學院,N 修,B 四技,391
南亞技術學院,N 修,C 二技,966
南亞技術學院,N 修,2 二專,30
蘭陽技術學院,D 日,B 四技,132
蘭陽技術學院,D 日,5 五專,130
蘭陽技術學院,N 修,C 二技,63
黎明技術學院,D 日,B 四技,3
黎明技術學院,D 日,5 五專,380
黎明技術學院,N 修,B 四技,1
黎明技術學院,N 修,C 二技,65
經國管理暨健康學院,D 日,M 碩士,48
經國管理暨健康學院,D 日,B 四技,1
經國管理暨健康學院,D 日,C 二技,173
經國管理暨健康學院,D 日,5 五專,1
經國管理暨健康學院,N 職,M 碩士,40
經國管理暨健康學院,N 修,B 四技,9
經國管理暨健康學院,N 修,C 二技,869
經國管理暨健康學院,N 修,2 二專,214
大同技術學院,D 日,B 四技,397
大同技術學院,D 日,5 五專,80
大同技術學院,N 修,B 四技,190
大同技術學院,N 修,C 二技,230
大同技術學院,N 修,2 二專,45
馬偕醫學院,D 日,D 博士,8
馬偕醫學院,D 日,M 碩士,60
馬偕醫學院,D 日,B 學士,727
馬偕醫學院,N 職,M 碩士,28
馬偕醫學院,N 修,C 二技,78
法鼓文理學院,D 日,D 博士,18
法鼓文理學院,D 日,M 碩士,259
法鼓文理學院,D 日,B 學士,52
馬偕醫護管理專科學校,D 日,2 二專,1
馬偕醫護管理專科學校,D 日,5 五專,3
馬偕醫護管理專科學校,N 修,2 二專,144
仁德醫護管理專科學校,D 日,5 五專,5
仁德醫護管理專科學校,N 修,2 二專,416
樹人醫護管理專科學校,D 日,5 五專,6
樹人醫護管理專科學校,N 修,2 二專,562
慈惠醫護管理專科學校,D 日,2 二專,89
慈惠醫護管理專科學校,D 日,5 五專,3
慈惠醫護管理專科學校,N 修,2 二專,251
耕莘健康管理專科學校,D 日,5 五專,4
耕莘健康管理專科學校,N 修,2 二專,120
敏惠醫護管理專科學校,D 日,5 五專,3
敏惠醫護管理專科學校,N 修,2 二專,64
育英醫護管理專科學校,D 日,5 五專,1
聖母醫護管理專科學校,D 日,2 二專,34
聖母醫護管理專科學校,D 日,5 五專,1
聖母醫護管理專科學校,N 修,2 二專,51
新生醫護管理專科學校,D 日,5 五專,5
新生醫護管理專科學校,N 修,2 二專,70
崇仁醫護管理專科學校,D 日,5 五專,3
臺北市立大學,D 日,D 博士,220
臺北市立大學,D 日,M 碩士,1
臺北市立大學,D 日,B 學士,5
臺北市立大學,N 職,M 碩士,1
